{"timeElapsed":74600,"playerStates":[{"name":"Gaia","civ":"gaia","color":{"r":1,"g":1,"b":1,"a":1},"controlsAll":false,"popCount":12,"popLimit":20,"popMax":300,"panelEntities":[],"resourceCounts":{"food":305,"wood":302,"stone":303,"metal":300},"resourceGatherers":{"food":0,"wood":0,"stone":0,"metal":0},"trainingBlocked":false,"state":"active","team":-1,"teamsLocked":true,"cheatsEnabled":false,"disabledTemplates":{},"disabledTechnologies":{},"hasSharedDropsites":false,"hasSharedLos":null,"spyCostMultiplier":1,"phase":"","isAlly":[true,false,false],"isMutualAlly":[true,false,false],"isNeutral":[false,false,false],"isEnemy":[false,true,true],"entityLimits":null,"entityCounts":null,"matchEntityCounts":null,"entityLimitChangers":null,"researchQueued":null,"researchedTechs":null,"classCounts":null,"typeCountsByClass":null,"canBarter":false,"barterPrices":{"buy":{"food":110,"wood":110,"stone":110,"metal":110},"sell":{"food":90,"wood":90,"stone":90,"metal":90}}},{"name":"richelbilderbeek (1309)","civ":"brit","color":{"r":0.08235294117647059,"g":0.21568627450980393,"b":0.5843137254901961,"a":1},"controlsAll":false,"popCount":0,"popLimit":0,"popMax":300,"panelEntities":[],"resourceCounts":{"food":0,"wood":60,"stone":240,"metal":300},"resourceGatherers":{"food":0,"wood":0,"stone":0,"metal":0},"trainingBlocked":false,"state":"defeated","team":-1,"teamsLocked":true,"cheatsEnabled":false,"disabledTemplates":{},"disabledTechnologies":{},"hasSharedDropsites":false,"hasSharedLos":false,"spyCostMultiplier":1,"phase":"village","isAlly":[false,true,false],"isMutualAlly":[false,true,false],"isNeutral":[false,false,false],"isEnemy":[true,false,true],"entityLimits":{"Animal":50,"CivilCentre":1,"Gladiator":0,"Hero":1,"Juggernaut":1,"Library":1,"Lighthouse":1,"Monument":5,"Palace":2,"Pillar":0,"PyramidLarge":2,"TempleOfAmun":1,"TempleOfVesta":1,"Theater":1,"WarDog":20,"Wonder":1,"Yakhchal":5},"entityCounts":{"Animal":0,"CivilCentre":0,"Gladiator":0,"Hero":0,"Juggernaut":0,"Library":0,"Lighthouse":0,"Monument":0,"Palace":0,"Pillar":0,"PyramidLarge":0,"TempleOfAmun":0,"TempleOfVesta":0,"Theater":0,"WarDog":0,"Wonder":0,"Yakhchal":0},"matchEntityCounts":{},"entityLimitChangers":{"Gladiator":{"Amphitheater":15},"Juggernaut":{"PtolemyIV":4},"Pillar":{"Ashoka":5}},"researchQueued":{},"researchedTechs":{},"classCounts":{},"typeCountsByClass":{"Unit":{},"Organic":{},"Animal":{},"Domestic":{},"Structure":{},"ConquestCritical":{},"CivCentre":{},"Civic":{},"Defensive":{},"CivilCentre":{},"Human":{},"CitizenSoldier":{},"Builder":{},"Citizen":{},"Worker":{},"Soldier":{},"Infantry":{},"Melee":{},"Basic":{},"Ranged":{},"FastMoving":{},"Cavalry":{},"Support":{},"WallTower":{},"Wall":{},"WallMedium":{},"WallLong":{},"WallShort":{},"Tower":{},"StoneTower":{},"FemaleCitizen":{},"Spearman":{},"Slinger":{},"Javelineer":{},"Dog":{}},"canBarter":false,"barterPrices":{"buy":{"food":110,"wood":110,"stone":110,"metal":110},"sell":{"food":90,"wood":90,"stone":90,"metal":90}},"statistics":{"resourcesGathered":{"vegetarianFood":0,"food":0,"wood":0,"stone":0,"metal":0},"percentMapExplored":26},"sequences":{"unitsTrained":{"total":[0,2,5,6],"Cavalry":[0,0,0,0],"Champion":[0,0,0,0],"Domestic":[0,0,0,0],"FemaleCitizen":[0,0,0,0],"Hero":[0,0,0,0],"Infantry":[0,2,5,6],"Ship":[0,0,0,0],"Siege":[0,0,0,0],"Trader":[0,0,0,0],"Worker":[0,2,5,6]},"unitsLost":{"total":[0,0,0,1],"Cavalry":[0,0,0,0],"Champion":[0,0,0,0],"FemaleCitizen":[0,0,0,0],"Hero":[0,0,0,0],"Infantry":[0,0,0,0],"Ship":[0,0,0,0],"Siege":[0,0,0,0],"Trader":[0,0,0,0],"Worker":[0,0,0,0]},"unitsLostValue":[0,0,0,100],"enemyUnitsKilled":{"total":[0,0,0,0],"Cavalry":[0,0,0,0],"Champion":[0,0,0,0],"FemaleCitizen":[0,0,0,0],"Hero":[0,0,0,0],"Infantry":[0,0,0,0],"Ship":[0,0,0,0],"Siege":[0,0,0,0],"Trader":[0,0,0,0],"Worker":[0,0,0,0]},"enemyUnitsKilledValue":[0,0,0,0],"unitsCaptured":{"total":[0,0,0,0],"Cavalry":[0,0,0,0],"Champion":[0,0,0,0],"FemaleCitizen":[0,0,0,0],"Hero":[0,0,0,0],"Infantry":[0,0,0,0],"Ship":[0,0,0,0],"Siege":[0,0,0,0],"Trader":[0,0,0,0],"Worker":[0,0,0,0]},"unitsCapturedValue":[0,0,0,0],"buildingsConstructed":{"total":[0,0,0,0],"Economic":[0,0,0,0],"CivCentre":[0,0,0,0],"Fortress":[0,0,0,0],"House":[0,0,0,0],"Military":[0,0,0,0],"Outpost":[0,0,0,0],"Wonder":[0,0,0,0]},"buildingsLost":{"total":[0,0,0,0],"Economic":[0,0,0,0],"CivCentre":[0,0,0,0],"Fortress":[0,0,0,0],"House":[0,0,0,0],"Military":[0,0,0,0],"Outpost":[0,0,0,0],"Wonder":[0,0,0,0]},"buildingsLostValue":[0,0,0,0],"enemyBuildingsDestroyed":{"total":[0,0,0,0],"Economic":[0,0,0,0],"CivCentre":[0,0,0,0],"Fortress":[0,0,0,0],"House":[0,0,0,0],"Military":[0,0,0,0],"Outpost":[0,0,0,0],"Wonder":[0,0,0,0]},"enemyBuildingsDestroyedValue":[0,0,0,0],"buildingsCaptured":{"total":[0,0,0,0],"Economic":[0,0,0,0],"CivCentre":[0,0,0,0],"Fortress":[0,0,0,0],"House":[0,0,0,0],"Military":[0,0,0,0],"Outpost":[0,0,0,0],"Wonder":[0,0,0,0]},"buildingsCapturedValue":[0,0,0,0],"resourcesCount":{"food":[300,0,0,0],"wood":[300,60,60,60],"stone":[300,240,240,240],"metal":[300,300,300,300]},"resourcesGathered":{"vegetarianFood":[0,0,0,0],"food":[0,0,0,0],"wood":[0,0,0,0],"stone":[0,0,0,0],"metal":[0,0,0,0]},"resourcesUsed":{"food":[0,300,300,300],"wood":[0,240,240,240],"stone":[0,60,60,60],"metal":[0,0,0,0]},"resourcesSold":{"food":[0,0,0,0],"wood":[0,0,0,0],"stone":[0,0,0,0],"metal":[0,0,0,0]},"resourcesBought":{"food":[0,0,0,0],"wood":[0,0,0,0],"stone":[0,0,0,0],"metal":[0,0,0,0]},"tributesSent":[0,0,0,0],"tributesReceived":[0,0,0,0],"tradeIncome":[0,0,0,0],"treasuresCollected":[0,0,0,0],"lootCollected":[0,0,0,0],"populationCount":[9,12,15,0],"percentMapExplored":[7,13,24,26],"teamPercentMapExplored":[7,13,24,26],"percentMapControlled":[5,5,5,0],"teamPercentMapControlled":[5,5,5,0],"peakPercentMapControlled":[5,5,5,5],"teamPeakPercentMapControlled":[5,5,5,5],"successfulBribes":[0,0,0,0],"failedBribes":[0,0,0,0],"time":[0.2,30,60,74.6]}},{"name":"Luxwor","civ":"ptol","color":{"r":0.5882352941176471,"g":0.0784313725490196,"b":0.0784313725490196,"a":1},"controlsAll":false,"popCount":11,"popLimit":20,"popMax":300,"panelEntities":[],"resourceCounts":{"food":254,"wood":355,"stone":300,"metal":300},"resourceGatherers":{"food":0,"wood":3,"stone":0,"metal":0},"trainingBlocked":false,"state":"won","team":-1,"teamsLocked":true,"cheatsEnabled":false,"disabledTemplates":{},"disabledTechnologies":{},"hasSharedDropsites":false,"hasSharedLos":false,"spyCostMultiplier":1,"phase":"village","isAlly":[false,false,true],"isMutualAlly":[false,false,true],"isNeutral":[false,false,false],"isEnemy":[true,true,false],"entityLimits":{"Animal":50,"CivilCentre":1,"Gladiator":0,"Hero":1,"Juggernaut":1,"Library":1,"Lighthouse":1,"Monument":5,"Palace":2,"Pillar":0,"PyramidLarge":2,"TempleOfAmun":1,"TempleOfVesta":1,"Theater":1,"WarDog":20,"Wonder":1,"Yakhchal":5},"entityCounts":{"Animal":0,"CivilCentre":1,"Gladiator":0,"Hero":0,"Juggernaut":0,"Library":0,"Lighthouse":0,"Monument":0,"Palace":0,"Pillar":0,"PyramidLarge":0,"TempleOfAmun":0,"TempleOfVesta":0,"Theater":0,"WarDog":0,"Wonder":0,"Yakhchal":0},"matchEntityCounts":{},"entityLimitChangers":{"Gladiator":{"Amphitheater":15},"Juggernaut":{"PtolemyIV":4},"Pillar":{"Ashoka":5}},"researchQueued":{},"researchedTechs":{},"classCounts":{"Unit":16,"Organic":16,"Animal":5,"Domestic":5,"Structure":5,"ConquestCritical":12,"CivCentre":1,"Civic":1,"Defensive":5,"CivilCentre":1,"Human":11,"Support":7,"FastMoving":1,"CitizenSoldier":4,"Citizen":11,"Soldier":4,"Cavalry":1,"Basic":4,"Builder":10,"Worker":10,"Infantry":3,"Melee":2,"Ranged":2,"Tower":4,"StoneTower":4,"FemaleCitizen":7,"Archer":1,"Camel":1,"Pikeman":2,"Slinger":1},"typeCountsByClass":{"Unit":{"units/ptol/cavalry_archer_b":1,"units/ptol/infantry_pikeman_b":2,"units/ptol/infantry_slinger_b":1,"units/ptol/support_female_citizen":7,"resource|gaia/fauna_sheep":5},"Organic":{"units/ptol/cavalry_archer_b":1,"units/ptol/infantry_pikeman_b":2,"units/ptol/infantry_slinger_b":1,"units/ptol/support_female_citizen":7,"resource|gaia/fauna_sheep":5},"Animal":{"resource|gaia/fauna_sheep":5},"Domestic":{"resource|gaia/fauna_sheep":5},"Structure":{"structures/ptol/civil_centre":1,"structures/ptol/defense_tower":4},"ConquestCritical":{"structures/ptol/civil_centre":1,"units/ptol/cavalry_archer_b":1,"units/ptol/infantry_pikeman_b":2,"units/ptol/infantry_slinger_b":1,"units/ptol/support_female_citizen":7},"CivCentre":{"structures/ptol/civil_centre":1},"Civic":{"structures/ptol/civil_centre":1},"Defensive":{"structures/ptol/civil_centre":1,"structures/ptol/defense_tower":4},"CivilCentre":{"structures/ptol/civil_centre":1},"Human":{"units/ptol/cavalry_archer_b":1,"units/ptol/infantry_pikeman_b":2,"units/ptol/infantry_slinger_b":1,"units/ptol/support_female_citizen":7},"Support":{"units/ptol/support_female_citizen":7},"FastMoving":{"units/ptol/cavalry_archer_b":1},"CitizenSoldier":{"units/ptol/cavalry_archer_b":1,"units/ptol/infantry_pikeman_b":2,"units/ptol/infantry_slinger_b":1},"Citizen":{"units/ptol/cavalry_archer_b":1,"units/ptol/infantry_pikeman_b":2,"units/ptol/infantry_slinger_b":1,"units/ptol/support_female_citizen":7},"Soldier":{"units/ptol/cavalry_archer_b":1,"units/ptol/infantry_pikeman_b":2,"units/ptol/infantry_slinger_b":1},"Cavalry":{"units/ptol/cavalry_archer_b":1},"Basic":{"units/ptol/cavalry_archer_b":1,"units/ptol/infantry_pikeman_b":2,"units/ptol/infantry_slinger_b":1},"Builder":{"units/ptol/infantry_pikeman_b":2,"units/ptol/infantry_slinger_b":1,"units/ptol/support_female_citizen":7},"Worker":{"units/ptol/infantry_pikeman_b":2,"units/ptol/infantry_slinger_b":1,"units/ptol/support_female_citizen":7},"Infantry":{"units/ptol/infantry_pikeman_b":2,"units/ptol/infantry_slinger_b":1},"Melee":{"units/ptol/infantry_pikeman_b":2},"Ranged":{"units/ptol/cavalry_archer_b":1,"units/ptol/infantry_slinger_b":1},"WallTower":{},"Wall":{},"WallMedium":{},"WallShort":{},"WallLong":{},"Tower":{"structures/ptol/defense_tower":4},"StoneTower":{"structures/ptol/defense_tower":4},"FemaleCitizen":{"units/ptol/support_female_citizen":7},"Archer":{"units/ptol/cavalry_archer_b":1},"Camel":{"units/ptol/cavalry_archer_b":1},"Pikeman":{"units/ptol/infantry_pikeman_b":2},"Slinger":{"units/ptol/infantry_slinger_b":1}},"canBarter":false,"barterPrices":{"buy":{"food":110,"wood":110,"stone":110,"metal":110},"sell":{"food":90,"wood":90,"stone":90,"metal":90}},"statistics":{"resourcesGathered":{"vegetarianFood":0,"food":0,"wood":57,"stone":0,"metal":0},"percentMapExplored":7},"sequences":{"unitsTrained":{"total":[0,2,2,3],"Cavalry":[0,0,0,0],"Champion":[0,0,0,0],"Domestic":[0,0,0,0],"FemaleCitizen":[0,2,2,3],"Hero":[0,0,0,0],"Infantry":[0,0,0,0],"Ship":[0,0,0,0],"Siege":[0,0,0,0],"Trader":[0,0,0,0],"Worker":[0,2,2,3]},"unitsLost":{"total":[0,0,0,1],"Cavalry":[0,0,0,0],"Champion":[0,0,0,0],"FemaleCitizen":[0,0,0,0],"Hero":[0,0,0,0],"Infantry":[0,0,0,1],"Ship":[0,0,0,0],"Siege":[0,0,0,0],"Trader":[0,0,0,0],"Worker":[0,0,0,1]},"unitsLostValue":[0,0,0,100],"enemyUnitsKilled":{"total":[0,0,0,4],"Cavalry":[0,0,0,1],"Champion":[0,0,0,0],"FemaleCitizen":[0,0,0,2],"Hero":[0,0,0,0],"Infantry":[0,0,0,0],"Ship":[0,0,0,0],"Siege":[0,0,0,0],"Trader":[0,0,0,0],"Worker":[0,0,0,2]},"enemyUnitsKilledValue":[0,0,0,350],"unitsCaptured":{"total":[0,0,0,0],"Cavalry":[0,0,0,0],"Champion":[0,0,0,0],"FemaleCitizen":[0,0,0,0],"Hero":[0,0,0,0],"Infantry":[0,0,0,0],"Ship":[0,0,0,0],"Siege":[0,0,0,0],"Trader":[0,0,0,0],"Worker":[0,0,0,0]},"unitsCapturedValue":[0,0,0,0],"buildingsConstructed":{"total":[0,0,0,0],"Economic":[0,0,0,0],"CivCentre":[0,0,0,0],"Fortress":[0,0,0,0],"House":[0,0,0,0],"Military":[0,0,0,0],"Outpost":[0,0,0,0],"Wonder":[0,0,0,0]},"buildingsLost":{"total":[0,0,0,0],"Economic":[0,0,0,0],"CivCentre":[0,0,0,0],"Fortress":[0,0,0,0],"House":[0,0,0,0],"Military":[0,0,0,0],"Outpost":[0,0,0,0],"Wonder":[0,0,0,0]},"buildingsLostValue":[0,0,0,0],"enemyBuildingsDestroyed":{"total":[0,0,0,0],"Economic":[0,0,0,0],"CivCentre":[0,0,0,0],"Fortress":[0,0,0,0],"House":[0,0,0,0],"Military":[0,0,0,0],"Outpost":[0,0,0,0],"Wonder":[0,0,0,0]},"enemyBuildingsDestroyedValue":[0,0,0,0],"buildingsCaptured":{"total":[0,0,0,0],"Economic":[0,0,0,0],"CivCentre":[0,0,0,0],"Fortress":[0,0,0,0],"House":[0,0,0,0],"Military":[0,0,0,0],"Outpost":[0,0,0,0],"Wonder":[0,0,0,0]},"buildingsCapturedValue":[0,0,0,0],"resourcesCount":{"food":[300,229,209,254],"wood":[300,300,330,355],"stone":[300,300,300,300],"metal":[300,300,300,300]},"resourcesGathered":{"vegetarianFood":[0,0,0,0],"food":[0,0,0,0],"wood":[0,11,41,57],"stone":[0,0,0,0],"metal":[0,0,0,0]},"resourcesUsed":{"food":[0,0,50,50],"wood":[0,0,0,0],"stone":[0,0,0,0],"metal":[0,0,0,0]},"resourcesSold":{"food":[0,0,0,0],"wood":[0,0,0,0],"stone":[0,0,0,0],"metal":[0,0,0,0]},"resourcesBought":{"food":[0,0,0,0],"wood":[0,0,0,0],"stone":[0,0,0,0],"metal":[0,0,0,0]},"tributesSent":[0,0,0,0],"tributesReceived":[0,0,0,0],"tradeIncome":[0,0,0,0],"treasuresCollected":[0,0,0,0],"lootCollected":[0,0,0,35],"populationCount":[9,11,12,11],"percentMapExplored":[7,7,7,7],"teamPercentMapExplored":[7,7,7,7],"percentMapControlled":[5,5,5,5],"teamPercentMapControlled":[5,5,5,5],"peakPercentMapControlled":[5,5,5,5],"teamPeakPercentMapControlled":[5,5,5,5],"successfulBribes":[0,0,0,0],"failedBribes":[0,0,0,0],"time":[0.2,30,60,74.6]}}],"mapSettings":{"Ceasefire":0,"CheatsEnabled":false,"CircularMap":true,"DisableSpies":false,"DisableTreasures":false,"LastManStanding":false,"LockTeams":true,"RevealMap":false,"ExploreMap":false,"AllyView":false,"mapName":"Acropolis Bay (2)","mapPreview":"cropped:0.78125,0.5859375:session/icons/mappreview/acropolis_bay.png","PlayerData":[null,{"AI":false,"Civ":"brit","Color":{"r":21,"g":55,"b":149},"Name":"richelbilderbeek (1309)","Team":-1},{"AI":false,"Civ":"ptol","Color":{"r":150,"g":20,"b":20},"Name":"Luxwor","Team":-1}],"PopulationCap":300,"RatingEnabled":false,"Seed":210710270,"AISeed":2966487384,"StartingResources":300,"TriggerScripts":["scripts/TriggerHelper.js","scripts/ConquestCommon.js","scripts/Conquest.js"],"VictoryConditions":["conquest"]}}